ID; DESCRICACAO; 
abc123; asdfjalsdfjalsdfjlasdfj;
adsasdf; asdfjalsdfjalsdfjlasdfj;
abc1fdw23; asdfjalsdfjalsdfjlasdfj;
abc1ad23; asdfjalsdfjalsdfjlasdfj;
abc123; asdfjalsdfjalsdfjlasdfj;
abcdd123; asdfjalsdfjalsdfjlasdfj;
abcdss123; asdfjalsdfjalsdfjlasdfj;
abcsaaa123; asdfjalsdfjalsdfjlasdfj;
abc1ssss23; asdfjalsdfjalsdfjlasdfj;
abc1sss23; asdfjalsdfjalsdfjlasdfj;
abc123; asdfjalsdfjalsdfjlasdfj;
aawwbc123; asdfjalsdfjalsdfjlasdfj;
abc1dddd23; asdfjalsdfjalsdfjlasdfj;
abcssass123; asdfjalsdfjalsdfjlasdfj;
abc1dfdve23; asdfjalsdfjalsdfjlasdfj;
abc1efef23; asdfjalsdfjalsdfjlasdfj;
abcfefefsss123; asdfjalsdfjalsdfjlasdfj;
abcsf3321123; asdfjalsdfjalsdfjlasdfj;
abc2f22ff123; asdfjalsdfjalsdfjlasdfj;
abc1f24vds23; asdfjalsdfjalsdfjlasdfj;
abc1f2f2f23; asdfjalsdfjalsdfjlasdfj;
abcf2f2123; asdfjalsdfjalsdfjlasdfj;
abcf2f2123; asdfjalsdfjalsdfjlasdfj;